[{"title":"Mount & Blade II: Bannerlord","genre":"Action, RPG, Strategy","developer":"TaleWorlds Entertainment","publisher":"TaleWorlds Entertainment","platforms":["PC"],"translators":["Official"],"steamid":"261550","playtime":"50-200h","format":"Digital","language":["English"],"rating":8.5,"tags":["Medieval","Open World","Sandbox"],"image":"/img/bannerlord.jpg","releaseYear":"2022"},{"title":"Crusader Kings III","genre":"Strategy, Grand Strategy","developer":"Paradox Development Studio","publisher":"Paradox Interactive","platforms":["PC","Xbox","PS"],"translators":["Official"],"steamid":"1158310","playtime":"100-500h","format":"Digital","language":["English"],"rating":9.0,"tags":["Medieval","Dynasty","Simulation"],"image":"/img/ck3.jpg","releaseYear":"2020"},{"title":"Disco Elysium","genre":"RPG, Narrative","developer":"ZA/UM","publisher":"ZA/UM","platforms":["PC","PS","Xbox","Switch"],"translators":["Official"],"steamid":"632470","playtime":"20-40h","format":"Digital","language":["English"],"rating":9.5,"tags":["Detective","Story Rich","Isometric"],"image":"/img/disco_elysium.jpg","releaseYear":"2019"},{"title":"Europa Universalis IV","genre":"Strategy, Grand Strategy","developer":"Paradox Development Studio","publisher":"Paradox Interactive","platforms":["PC"],"translators":["Community","Official"],"steamid":"236850","playtime":"200-1000h","format":"Digital","language":["English"],"rating":8.7,"tags":["Historical","Politics","Empire Building"],"image":"/img/eu4.png","releaseYear":"2013"},{"title":"Grand Theft Auto V","genre":"Action, Open World","developer":"Rockstar North","publisher":"Rockstar Games","platforms":["PC","PS","Xbox"],"translators":["Official"],"steamid":"271590","playtime":"30-100h","format":"Digital/Physical","language":["English"],"rating":9.3,"tags":["Crime","Open World","Multiplayer"],"image":"/img/gta5.jpg","releaseYear":"2015"},{"title":"The Witcher 3: Wild Hunt","genre":"RPG, Open World","developer":"CD Projekt Red","publisher":"CD Projekt","platforms":["PC","PS","Xbox","Switch"],"translators":["Official"],"steamid":"292030","playtime":"50-200h","format":"Digital/Physical","language":["English"],"rating":9.7,"tags":["Fantasy","Story Rich","Combat"],"image":"/img/test.jpg","releaseYear":"2015"},{"title":"Hades","genre":"Action, Roguelike","developer":"Supergiant Games","publisher":"Supergiant Games","platforms":["PC","Switch","PS","Xbox"],"translators":["Official"],"steamid":"1145360","playtime":"20-60h","format":"Digital","language":["English"],"rating":9.0,"tags":["Greek Mythology","Indie","Fast-Paced"],"image":"/img/test.jpg","releaseYear":"2020"},{"title":"Stardew Valley","genre":"Simulation, Farming","developer":"ConcernedApe","publisher":"ConcernedApe","platforms":["PC","PS","Xbox","Switch","Mobile"],"translators":["Community","Official"],"steamid":"413150","playtime":"50-200h","format":"Digital","language":["English"],"rating":9.4,"tags":["Relaxing","Indie","Cozy"],"image":"/img/test.jpg","releaseYear":"2016"},{"title":"Cyberpunk 2077","genre":"RPG, Action","developer":"CD Projekt Red","publisher":"CD Projekt","platforms":["PC","PS","Xbox"],"translators":["Official"],"steamid":"1091500","playtime":"30-100h","format":"Digital/Physical","language":["English"],"rating":8.5,"tags":["Sci-Fi","Open World","Futuristic"],"image":"/img/test.jpg","releaseYear":"2020"},{"title":"Factorio","genre":"Strategy, Automation","developer":"Wube Software","publisher":"Wube Software","platforms":["PC"],"translators":["Community"],"steamid":"427520","playtime":"100-500h","format":"Digital","language":["English"],"rating":9.1,"tags":["Automation","Factory","Resource Management"],"image":"/img/test.jpg","releaseYear":"2020"},{"title":"Hollow Knight","genre":"Metroidvania, Action","developer":"Team Cherry","publisher":"Team Cherry","platforms":["PC","Switch","PS","Xbox"],"translators":["Community"],"steamid":"367520","playtime":"30-60h","format":"Digital","language":["English"],"rating":9.6,"tags":["Soulslike","Indie","Platformer"],"image":"/img/test.jpg","releaseYear":"2017"},{"title":"RimWorld","genre":"Simulation, Strategy","developer":"Ludeon Studios","publisher":"Ludeon Studios","platforms":["PC"],"translators":["Community","Official"],"steamid":"294100","playtime":"100-1000h","format":"Digital","language":["English"],"rating":9.5,"tags":["Colony Sim","Survival","Story Generator"],"image":"/img/test.jpg","releaseYear":"2018"},{"title":"Slay the Spire","genre":"Card Game, Roguelike","developer":"MegaCrit","publisher":"MegaCrit","platforms":["PC","PS","Xbox","Switch","Mobile"],"translators":["Community"],"steamid":"646570","playtime":"20-100h","format":"Digital","language":["English"],"rating":9.2,"tags":["Deckbuilding","Turn-Based","Indie"],"image":"/img/test.jpg","releaseYear":"2019"},{"title":"LA Noire","genre":"Test, Test2, Test3","developer":"Test","publisher":"Test","platforms":["PC"],"translators":["Official"],"steamid":"26155342340","playtime":"50-200h","format":"Digital","language":["English"],"rating":8.5,"tags":["Test","Test2","Test3"],"image":"/img/la_noire.jpg","releaseYear":"2022"}]